id,name,email,password,role,created_at,update_at
1,Kimberly Nguyen,moyeranne@example.org,$2b$12$YbFl351r0DAkHCsL6mqc6etJLvRrnulYV2OCeesaiqGeL2WssMWS2,0,29:39.0,29:34.5
2,Pamela Chan,stephenburton@example.org,$2b$12$MLOVVo9hgeFUG99THFHmCOX4Aq/gTVXX.LanJ8gWcZWaqdwTjSjzu,0,20:44.0,29:34.8
3,Christian Bennett,clucas@example.net,$2b$12$XCoQg3dUkZQBiphhCi1bN.iHcRC6eB39ndmHcJB6VM7YOyBpBfCNu,0,46:41.0,29:35.1
4,Tracy Patterson,qtorres@example.com,$2b$12$Mpnjkg3/nAmo5TyzSFp/bOEP5zDV/ga/aXbsn5oQsFRYqleLx9e8e,0,05:25.0,29:35.3
5,Jonathan Ramirez,ejohnson@example.com,$2b$12$z4PWo3UT1cjJ993Xl5C/cO7inJ38qOHI7i8kqcrcoKR2.FCOy9vuy,0,09:32.0,29:35.6
6,William Kaiser,andrewcastaneda@example.org,$2b$12$x/BrQxHRG0Rv0F3cH1hxvOOFBkVPaV/pNEx/9fVHYlBTwoQsba.Km,0,05:09.0,29:35.9
7,Christopher Powell,laurahall@example.com,$2b$12$FtnL0u2nZycoYQ4eXeAEVeFB1ci.ehSdowEJ8LYH.xSkbJuxz0o3q,0,46:39.0,29:36.1
8,David Bailey,rachelclark@example.org,$2b$12$UBYe8n0bTCJxXnJUQpPZ9ezPmAmlTGU/KdOlzx.smbKn2YdCe1wwm,0,42:40.0,29:36.4
9,Anna Miller,iholloway@example.com,$2b$12$3LDRrIq7N6jH21fr7etCfekDYocTHQwZNcCq3SJ.gM6N/UhehXPiS,0,59:20.0,29:36.7
10,Christopher Hicks,fmclean@example.com,$2b$12$u0redLPqVzP9ohrjXB11s.adBCsMBJX4uscFrhMACj2PIPA2tEdAC,0,43:20.0,29:37.0
11,Stephen Hoover MD,opeters@example.net,$2b$12$jh0crBpXx3VyvS4AHu5/6.QveCI91hrFg4pg5tiHfr2X3MnfGc.l6,0,50:26.0,29:37.2
12,Cassandra Murray,paul52@example.org,$2b$12$ekeLNFdvFUKipOLi6qhZGOIPf/qvc8uztuMDwevNeq0mENaiqigQO,0,21:15.0,29:37.5
13,Adrienne Fernandez,travishall@example.org,$2b$12$nlwL.OB9GcVwV.k/B8W6nO6.6u68x1Wvt6IUQNxKmAxJUYHcSZMXy,0,51:29.0,29:37.7
14,Aimee Garcia MD,charles92@example.org,$2b$12$BSXYdH0YsdkXDuGMMh89QOtP31xGdBWnydax4PszCsHWaob2gufQG,0,06:39.0,29:38.0
15,Nicholas Shannon,hernandezjames@example.org,$2b$12$1Ltf.qCmOcJ4AlXEm5G.keUGna9/fgfExud16nVZdKGJIizEqH4ni,0,03:11.0,29:38.2
16,Dr. Karen Howard,mwells@example.net,$2b$12$j1NZpqrihlc4M/mAOhG71egJ33us29gxlDCQb52Yw13FMmSkN18.O,0,42:01.0,29:38.5
17,Lisa Garcia,kramerlatoya@example.net,$2b$12$KkBntyj6QxUWxc3vdySVQ.mHxhe3OJz5pzVpxUexXuiJUsDvbhY52,0,52:43.0,29:38.7
18,Nicole Conley,williampearson@example.com,$2b$12$y0icdP/1/ygzKbtlKn3.jObLtJSDcNg02qEYUeMkORLcBbahctYb6,0,48:47.0,29:39.0
19,Christian Navarro,mccoysheena@example.net,$2b$12$xMhWH3yqjpWaKlcMzM6oHePtXHo4vtezhT0gsVsILvwZ/yKpooMp2,0,40:07.0,29:39.3
20,Shannon Hess,sandra95@example.org,$2b$12$5EjRQssX4iuhdqEGUka38.HRXfWDmcwsZAEi3gF66CxEj/n2fTxAC,0,05:07.0,29:39.6
21,Cynthia Mullen,victoriariley@example.com,$2b$12$q3Ro6jU0d3g2PH6daMje8.EeVygOuyquc6SCGlNr7VMkPn75U.NOe,0,36:01.0,29:39.9
22,Melanie Mathis,tgonzalez@example.net,$2b$12$64acTqGKDgcF6E0mBLgZWOjrkZ7lNZ.AKWAsyiZvpqNbfgXLYde.u,0,31:25.0,29:40.1
23,Kelly Clark,kathleenperez@example.net,$2b$12$Dp6ayOB3ynYlVWmotiPn6.a/7rrHbCpeebs2qaKhKddSZ3/n4Ibsy,0,36:50.0,29:40.4
24,Patricia Leonard,janicerogers@example.com,$2b$12$YcZGlT8DdXrhQTGYi7aVTOPACS1nqOQ9J4dqDaCL5QWQ001cMNGBS,0,10:44.0,29:40.7
25,Heidi Jacobs,steve87@example.com,$2b$12$OMfypH48x3Myd69cg1H9DeirCaTsW/0jr94Q6XJOE8IoeG9T7Gz3C,0,11:07.0,29:40.9
26,Michelle Kim,christinahanson@example.net,$2b$12$YgBGQ07tSTeYa3dVd/.J9uEFZODPmnhWZl52zNxSX.PXWTkEkQU1G,0,30:44.0,29:41.2
27,Richard Hammond,steven71@example.org,$2b$12$nlddK3WmPuaehhl9m0kdYO6uQyXpmBwVoo5LQ1THo51PIdVGDhZIa,0,46:11.0,29:41.4
28,Carla Stone,vford@example.net,$2b$12$1Sn238wDpeV8k3NMWu5MieKQac.hjfYeyp5sg3ku4tO0h8hihZZvG,0,56:15.0,29:41.7
29,Carlos Potter,ryanneal@example.net,$2b$12$oyKhFhLVuANIVROWjGyVX.ufm7TaQbottzCmlRaGkA/X3qQxuQWSa,0,00:23.0,29:41.9
30,Evan Porter,gcooke@example.net,$2b$12$nPSsHSwfnV7CEpCI6ZDSkOM14FMRKJWt.HjxddGpZY87WN26XfXwu,0,24:37.0,29:42.2
31,David Wilcox,elliottchristian@example.org,$2b$12$93K/mCVou3rL823.q.eXR.yyQRBk4I.2Ch6vk6cgSFcKHaUAIHdzC,0,35:13.0,29:42.4
32,Shannon Clark,yclark@example.com,$2b$12$npMtNIF9BCcCalaWWMgQauJlss6DnzjcNJl5VBUOL9Xlyvu8NZzNK,0,49:43.0,29:42.7
33,Susan Moss,njohnston@example.net,$2b$12$6CsZDYRvxqwPVvrciOV4duv9QocVpZ74KBsEuvmB86ckRzVmSPQMK,0,29:30.0,29:42.9
34,Thomas Curtis,johnsondavid@example.com,$2b$12$sTK1qqStrbNPkc07NuL0gu59sG3bMZRi1twIQaU/.Vgmxb3shCyFO,0,03:33.0,29:43.2
35,Oscar Ramirez,mary70@example.org,$2b$12$6koYuVJtRKDfKRpgOXL.2uebLUSn7PXybO0QmYDFJF33loyUANMmm,0,56:33.0,29:43.4
36,Daniel Reid,cynthiabailey@example.com,$2b$12$RJ44DBQd2XwmYjfrSrp/C.oNHWmTO5RRPb/usc5Vzr27BE/J6g6Fe,0,59:05.0,29:43.7
37,Kenneth Jones,pwilson@example.net,$2b$12$mPBz7gkFC6Skgs/U4ZRTp.fEytznBxBuEGLHuvGN2JZHoYgnqiOlS,0,44:31.0,29:43.9
38,Jennifer Harrison,travisjohnson@example.com,$2b$12$fU9r2dp3VfINwx0HiU7caOaCBa.IGyeYYtb27tkGJZ3V5rQzCRn7e,0,11:33.0,29:44.2
39,Daniel Thomas,sanchezdonald@example.org,$2b$12$OwZWk9byHiEL.AasMf0i0.3Wbxyk3z4Rft31CuuBwQgSKifC8Mz0u,0,26:56.0,29:44.4
40,Mary Ryan,dickersonkeith@example.com,$2b$12$i5XlgwWukBeUqxfBgb54Z.GVRG1MhyP8WY7QFe88z04kb9Y2crCRG,0,56:08.0,29:44.7
41,Brandon Gomez,austinpaul@example.org,$2b$12$Oen4P3Ej8jDpMI.5v1ppw.k0z45Af3xaxunbkVzL/sapCbMipCJP6,0,24:58.0,29:44.9
42,Mr. Kevin Martinez,holly81@example.org,$2b$12$ZkHzVyt.mWP3heCp8NdXEeVhK/2Hf2taA4TtWyfPSFImQWAHga4X2,0,56:01.0,29:45.2
43,Kristina Green,zlandry@example.org,$2b$12$zTW/kLRU9B7kh5zzjQTAyO30or/ODUHcbXhDdmaJtXjVXZwBi5H.i,0,18:09.0,29:45.4
44,Jennifer Graham,rebecca77@example.org,$2b$12$v/M/600dReMf8p9UoGjO0.KLz8c2ciAo2aAlRYldpd3YF/5UFo9O6,0,07:05.0,29:45.7
45,Pamela Tucker,rebekah53@example.com,$2b$12$xznMcvLD8.jCg6t8xBHgX.dz8ugHj3ZW16NhZxkC8W2VMu2S/HTlm,0,59:20.0,29:46.0
46,Jacob Gutierrez PhD,kathleengutierrez@example.org,$2b$12$eOT0PcLB5vyrfMZJe2Ot7OYtqlUemYfa/Om7C.pgpSIv/oqab.baW,0,03:59.0,29:46.2
47,Derrick Johnson,albert84@example.net,$2b$12$ZfRJ6osQ3mn.x4Xc0GQSxOD6Zq1tZfGHIzVQ98XlpjgjFLv4OuSsq,0,30:47.0,29:46.5
48,Lynn Wright,fieldsjohn@example.com,$2b$12$gN2rgzpiNH3ru8pZvqB./OMgRehXsVMCjhmnKIH7guc1qHRnRFqy.,0,34:13.0,29:46.7
49,Fred Burns,brewermelissa@example.org,$2b$12$k2rnwKPqMRrhflOu369fteeqV7Fvt3d0cxZNP5QNX7wkMXX9pUHxe,0,53:05.0,29:47.0
50,Cheryl Griffith,stevensjohn@example.org,$2b$12$dAzUiqL325ACAtx1r7mf1Oyd2nLPGgDY1JrR3bdYvGcrwcmAksdb6,0,14:24.0,29:47.2
51,Matthew Wright,tammywilliams@example.net,$2b$12$NrBYtBWZ7IbgpX2DXWFzw.wKfFNqiPT4iPEV.CMRk69HOZTiQhOOG,0,42:45.0,29:47.5
52,Katie Bray,mariah73@example.com,$2b$12$5zUIwFeLTstgajYnDU63qOdqs88eYBQqMQhyWqrTk4XATzm.7l9C.,0,59:49.0,29:47.7
53,Robert Potter,wsoto@example.com,$2b$12$N/28KAon7k32gLaMa6yHGOnW0tijHWDG4A8zef8U.uttR.qRxx2DC,0,33:30.0,29:48.0
54,Amanda Lee,jonathan74@example.net,$2b$12$78kpUURT5AxOVmnB5T/y5usChLgZGYt8kFEFWvO2CfMFES59xvTf6,0,53:48.0,29:48.2
55,Jamie Boyer,don14@example.net,$2b$12$1fx/fxaLg6BoGD/VfDKpyubyhG/lEW2reS.YBsPQVnDjLh2Y54WXC,0,27:33.0,29:48.5
56,Victor Johnson,cantupatrick@example.net,$2b$12$WjDs.g0GKpsLKDVFoy1LFefMzQEWsnSGdDd96GOWwkgvNQAvxDtJW,0,08:30.0,29:48.7
57,Mark Turner,websteremma@example.com,$2b$12$tGJVdLnXHhVG3RRE6qKHkeMXnpBhFcYkBkQ11I3IZwnRLjLv78LIa,0,26:01.0,29:49.0
58,Leslie Martin,gruiz@example.com,$2b$12$PJ3heEnIyPqMRN7mT7uABO7avsqgtzFzChsp0QL4KeIt3m6mDt43G,0,34:33.0,29:49.2
59,Adam Gutierrez,fjohnson@example.org,$2b$12$/SpkP7HVKRUTXELx1MlhXudLI1cliNxX59mSw/AYZuMPtga7VgpRm,0,44:09.0,29:49.5
60,Melissa Barron,bakercrystal@example.org,$2b$12$eUDb0F6sHXBO0CEzazqhmeARh4SFnt0Cqi59JPt8VVKlsk13AI3jC,0,03:15.0,29:49.7
61,Gina Benson,gregorylee@example.com,$2b$12$X4Ir.I/Fy64gmGQLKs19nuXZYKDDDEtNxZSlP1NXoqlfB8l1Avn4i,0,17:31.0,29:50.0
62,James Jones,jacob10@example.com,$2b$12$vzrgMTCVIS843W9JpgPHvOAsJoPlKjco42qK4oIc3YtIqbfzVAjq6,0,01:53.0,29:50.3
63,Cynthia Werner,brendacarlson@example.com,$2b$12$8TEHFYNrl7STwLabbdseAek8Eo.595SPg8boqP1eT2wC7Tru4rgXK,0,09:47.0,29:50.5
64,Amy Perkins,michael65@example.com,$2b$12$xdzrMOlryBktmn9qAiGp6O4KRanGig9DKtelh.3vTb9GAO57Zs9bC,0,48:10.0,29:50.8
65,Jill Williams,smithdavid@example.org,$2b$12$tVrT0aCzfjrU8stXJ5ozYubhlIN8hpXOFThStM.GkbsneMGHvaSmi,0,51:14.0,29:51.1
66,Raven Christensen,wolfeelizabeth@example.org,$2b$12$p0oxKTCeI5C21XJnKI.pXe67/F35jhTjuyolhpKOwp/h5sijX8Bui,0,13:04.0,29:51.4
67,Lisa Jimenez,justinmanning@example.net,$2b$12$aN4ZbObBrLDih0JyhwuFKuKUNvvs3vtZ4ztAz4UI/iKD6B6c2irGS,0,29:45.0,29:51.7
68,Melinda Figueroa,zmorrow@example.net,$2b$12$0LwJIzi4YIH4UB5HHCHYN.qGXd6N6F1mQ61dBVZsJXOe7/XAJsDTi,0,07:42.0,29:51.9
69,Christine Carroll,lcarroll@example.com,$2b$12$xNq350Q9a1WFE6cv6/fTaevOG5A2g43Zp6fZ5ouaGmH.fHEaGa3La,0,19:47.0,29:52.2
70,Michelle Wallace,qdavis@example.net,$2b$12$rnnwQgKL9Pb1e87zNlKNKOmdgBGXEDNhtOR.Q6YTWIuNzADbwY8jW,0,14:34.0,29:52.4
71,Ryan Arnold,shannonchristopher@example.net,$2b$12$lq4XNmcoIou4CwaiykWZFu7jjxnFDC2qlLAu0L/R2DaML7zQNQlEi,0,10:14.0,29:52.7
72,Brent Wise,leediamond@example.com,$2b$12$h/243kmZtiwfjUYaMCz4ROjrpxmQbmOTK7NE8P3Ad6tFnGTNOYPh6,0,34:13.0,29:52.9
73,Dalton Reynolds,dmoore@example.com,$2b$12$R3B6i8z3SxlhQVn5X0OP0.8UAIMbAg0gdnZgcWEnW8bMdk8Xamcmq,0,21:32.0,29:53.1
74,Rachel Johnston,christopher59@example.org,$2b$12$Z2gONRDhI2dV4zCnNyCUOuAynTxVqtqPEBZkOC46cbqfNR0gTgzT.,0,42:14.0,29:53.4
75,Amber Melendez,rachelcortez@example.org,$2b$12$Qvs/GjfOE0hIBSooj92Szuls6kW02ruH.dptotjUepDb7CUrO9EjS,0,43:57.0,29:53.6
76,Tracy Smith,kaisermichael@example.com,$2b$12$vRg0Dgr4CozIIXrrZ9YCSut/fNbMm6vSQh8th2Di0Q/MG.sVhzJ7W,0,26:29.0,29:53.9
77,Desiree Walker,mark59@example.com,$2b$12$tjFptr5trBj08XNIxePUPeiFvrGFfbDdoEEcpT7sZwYMn42Y8cgVG,0,42:57.0,29:54.1
78,Brian Pace,cindy25@example.net,$2b$12$eWQQCeEcdfqJWT79mhTu4OwjDa2eeADjXNNYEaxqZU02qc2hCSUh2,0,32:20.0,29:54.4
79,Ronald Brown,kyle93@example.org,$2b$12$5pDjUEKD/F/1ZFAU00DgmO39pKKSuXW6JtjjvhNfBNfEYe83ja.uq,0,20:12.0,29:54.6
80,Megan Johnson,pattersonmatthew@example.net,$2b$12$TFd.uyhrk4zABhxb0ONw6ugaJvyyExXVGBNLo1q47ZwDbBRyQRj3S,0,11:09.0,29:54.9
81,Linda Carpenter,jimmyhunter@example.org,$2b$12$qgGjojhx2TRVIVZlHjGd..pKDxGbPnrkgUt9xLcFXCd76esi3ZAnW,0,31:04.0,29:55.1
82,Christine Stewart,nathan12@example.com,$2b$12$1471huYHLx.lgDqJ5OI3q.I1syAO8JjwASdw.eY0M0AUXXz/ojieO,0,26:51.0,29:55.4
83,Sarah Sullivan,rhonda56@example.org,$2b$12$zKUJ5eRfKl2IBT7LjYduxuEiR.YF3240YyB2JQAZnvVSaxEpSafFK,0,18:07.0,29:55.6
84,Kylie Taylor,lisa35@example.org,$2b$12$YakOEd.0X57nMhNazhBYR.ELLKoSMBqD9At.gsKBOogII8dmIaQuW,0,03:13.0,29:55.9
85,Eric Johnson,franklinamanda@example.com,$2b$12$r/QcHJtxOXPvXpA0M7u4euqlH5x/PiCehzHZ76p8xKnaZFdDVPrgm,0,11:02.0,29:56.1
86,Steve Brooks,rjackson@example.com,$2b$12$WZc4fsLPF7pqPfgHr1xzOe0Cas3LWxcgVMvnG/DfK5xFXmPWYaiby,0,01:45.0,29:56.4
87,Ryan Johnson,eedwards@example.com,$2b$12$GLRrvGBfqorru/jJb30EXuriAF.yCH7U2CLH6FqSxkorhuEtNqRkW,0,03:40.0,29:56.7
88,Laura Reese,christopher16@example.com,$2b$12$1g4WHwOUo0ebz4whiFZ1I..QaKAgFX/v.x.k/UgPMAtlIOAWSzFBO,0,37:46.0,29:56.9
89,Holly Fisher,patriciacain@example.com,$2b$12$/ITnBDobbBJmrgqAr46f6uItKwTD2Yp/JCIcTDuXz/kv6mcIJAwo2,0,43:58.0,29:57.2
90,Jeremy Graham,eric57@example.org,$2b$12$4l3e6A8cotM04zjoDzuxFOvCwSr4ThTjB81tk2dLGopDR8NoAzSYa,0,37:49.0,29:57.5
91,Ashley Lamb,sabrinajohnson@example.org,$2b$12$cgAZNPXZu/7kUkyMIAjRtebBxYuANdtdHBdVVjaqqcYWuALNRaTJy,0,33:08.0,29:57.8
92,Edward Rodriguez,hoffmangregory@example.net,$2b$12$4.5oDOneHmxMXfOYCdPoluYujo5DY.GUHUocMXr4OmLQ50cQ9fRd.,0,21:55.0,29:58.0
93,Anthony Duran,claire14@example.com,$2b$12$1qi/wj.YL60IckIazwVqzOPzDwXCnQtLfz8WlThRLJWhA.zaZlscm,0,43:22.0,29:58.3
94,Derek Jones,douglas05@example.com,$2b$12$B6DB5tkkDCchp53sVSNZgO.EiZrP1kPZScf2RGUVDSktkFsgAgLBa,0,53:12.0,29:58.6
95,Travis Wallace,stewartchristine@example.org,$2b$12$PSCLdNIkCZldtbgRrEzTdeNicgMcdaEEtLhhlOhYXLynQCBQagYLq,0,39:33.0,29:58.8
96,Dr. Christine Lewis,martinalexander@example.net,$2b$12$4rN6YnqVWnkOGUchT4thh.SiLKtKgJGJjwlamkIShO4gzM09ifP1O,0,06:53.0,29:59.1
97,Sean Hayes,abbottkristin@example.net,$2b$12$yqAWBXf4coU5UphsfFQ2h.Lz8z6SXZtwmyVHyXY9q8TzyHc51vF4O,0,44:19.0,29:59.4
98,Jason Harris,christopherhurley@example.net,$2b$12$61jY7J4MXIgxs.4TZgBl/eRvNRnPHan3ZJ1tpb70J.c/8OM9C.HLa,0,22:10.0,29:59.7
99,William Jackson,beverly98@example.org,$2b$12$OKZvS5RXSI3gNjgFMbDjLeRW5Ibvu8L0prTn07kpRiglvR2lVYhGq,0,09:48.0,29:59.9
100,Jacqueline Williams,steven59@example.com,$2b$12$gkYG7Z6fgK68YCz1O7Ens.0YOm4Khb2ikSb8Pca4xJz/ReYZZsg2C,0,35:53.0,30:00.2
